bmi,prevalence,type,min,max
1,25.1,1,16.6,36.2
2,20.6,1,17,24.7
3,18.700001,1,15.3,22.7
4,23.5,1,21,26.2
1,21,2,12.9,32.2
2,17.6,2,14.6,21.1
3,15,2,12,18.5
4,20.200001,2,17.6,23
1,13.9,3,8.3,22.4
2,10.2,3,7.9,13.1
3,9.8000002,3,7.7,12.4
4,10.2,3,8.5,12.2
